Workbook

Sheet Summary
A1: SipLocal — Total Cost Summary (1,000 users · 15 questions each · 73 active wineries)
A3: Line | B3: Monthly | C3: Annual | D3: Notes
A4: AI concierge (OpenAI + Voyage + Gemini) | B4: ='AI Concierge'!J9 -> 17.64975 | C4: ='AI Concierge'!J9*12 -> 211.797 | D4: Routing, retrieval, rerank, response. Scales linearly with turns.
A5: Infrastructure (Firebase, Upstash, Maps, Vercel) | B5: =Infrastructure!G17 -> 23.255 | C5: =Infrastructure!G17*12 -> 279.06 | D5: Vercel $20/mo is the bulk; rest mostly free-tier.
A6: Total usage-based (recurring) | B6: =B4+B5 -> 40.90475 | C6: =C4+C5 -> 490.857
A7: Fixed annual (Apple + domain) | B7: ='Fixed & One-Time'!C9/12 -> 9.5 | C7: ='Fixed & One-Time'!C9 -> 114 | D7: Apple $99/yr + domain ~$15/yr.
A8: TOTAL RECURRING | B8: =B6+B7 -> 50.40475 | C8: =C6+C7 -> 604.857 | D8: All-in running cost.
A9: One-time (year 1) | C9: ='Fixed & One-Time'!C10 -> 25 | D9: Google Play $25 registration.
A10: FIRST-YEAR TOTAL | C10: =C8+C9 -> 629.857 | D10: Recurring + one-time.
A12: Per-user economics
A13: Cost per active user / month | B13: =B8/Assumptions!B4 -> 0.05040475
A14: Cost per concierge question | B14: =B4/Assumptions!B6 -> 0.00117665
A16: Watch-outs as you grow
A17: • 1,000 → 1,001 MAU triggers Expo EAS Production: +$199/mo. The single biggest step-change.
A18: • AI cost is ~linear: at 5,000 users (75k turns) AI ≈ 5× this; prompt caching softens it.
A19: • Maps free caps are 10k calls/SKU/mo — heavy itinerary usage tips into ~$5/1k.
A20: • Langfuse beyond its free tier adds ~$29/mo if you keep full tracing on.
A21: • Cloud Storage egress is the one Firebase line that grows with traffic; CDN caching keeps it small.

Sheet Assumptions
A1: SipLocal — Cost Model · Key Assumptions (edit the blue cells)
A3: Driver | B3: Value | C3: Notes
A4: Active users per month | B4: 1000 | C4: Monthly active users across the app + website.
A5: Concierge questions per user / month | B5: 15 | C5: AI sommelier turns per user per month.
A6: Concierge turns per month | B6: =B4*B5 -> 15000 | C6: Users × questions. Drives all AI + Maps costs.
A7: Active wineries | B7: 73 | C7: Wineries live in the ecosystem (concierge corpus size).
A8: Photo uploads per winery / month | B8: 2.5 | C8: Portal photo uploads (events/wines/listing).
A9: Itinerary share of concierge turns | B9: 0.2 | C9: Fraction of turns that build a route (hits Distance Matrix).
A11: Notes & caveats
A12: • Period basis: all 'per month' figures assume the 1,000 users / 15 questions happen each month (steady state).
A13: • AI input tokens are priced as fresh (uncached). OpenAI prompt caching (10× cheaper cached input) realistically cuts AI ~25–40%.
A14: • AI token prices are from the project's own costTracker.ts (reviewed 2026-05): gpt-5.4-nano, gemini-2.5-flash, voyage-3-lite, rerank-lite-1.
A15: • BIGGEST CLIFF: Expo EAS 'Update' (OTA) free tier covers up to 1,000 MAU. Crossing 1,000 MAU forces the Production plan at $199/mo.
A16: • Mobile in-app maps (Maps SDK Android/iOS) are FREE & unlimited. Only Distance Matrix / Directions are metered (10,000 free calls/SKU/mo).
A17: • Website is hosted on Vercel Pro ($20/mo, required for commercial use); steady-state Firestore reads are ~0 thanks to ISR caching.
A18: • Langfuse observability is OPTIONAL (the concierge runs without it). Free tier ~50k events/mo; ~$29/mo beyond.
A19: • Firebase Firestore / Cloud Functions / Storage sit almost entirely inside the free tier at this scale — Storage egress is the only real line.

Sheet AI Concierge
A1: AI Concierge — per-turn pipeline cost
A3: Component | B3: Provider / Model | C3: Input tok/turn | D3: Output tok/turn | E3: $/1M input | F3: $/1M output | G3: Runs % of turns | H3: $ per turn | I3: Turns / mo | J3: Cost / mo | K3: Cost / yr
A4: Coreference resolve | B4: OpenAI gpt-5.4-nano | C4: 1500 | D4: 30 | E4: 0.2 | F4: 1.25 | G4: 0.6 | H4: =((C4*E4)+(D4*F4))/1000000*G4 -> 0.0002025 | I4: =Assumptions!$B$6 -> 15000 | J4: =H4*I4 -> 3.0375 | K4: =J4*12 -> 36.45
A5: Router / intent | B5: OpenAI gpt-5.4-nano | C5: 2000 | D5: 80 | E5: 0.2 | F5: 1.25 | G5: 1 | H5: =((C5*E5)+(D5*F5))/1000000*G5 -> 0.0005 | I5: =Assumptions!$B$6 -> 15000 | J5: =H5*I5 -> 7.5 | K5: =J5*12 -> 90
A6: Query embeddings | B6: Voyage voyage-3-lite | C6: 120 | D6: 0 | E6: 0.02 | F6: 0 | G6: 1 | H6: =((C6*E6)+(D6*F6))/1000000*G6 -> 2.4e-06 | I6: =Assumptions!$B$6 -> 15000 | J6: =H6*I6 -> 0.036 | K6: =J6*12 -> 0.432
A7: Rerank candidates | B7: Voyage rerank-lite-1 | C7: 4500 | D7: 0 | E7: 0.05 | F7: 0 | G7: 1 | H7: =((C7*E7)+(D7*F7))/1000000*G7 -> 0.000225 | I7: =Assumptions!$B$6 -> 15000 | J7: =H7*I7 -> 3.375 | K7: =J7*12 -> 40.5
A8: Response generation | B8: Google gemini-2.5-flash | C8: 2770 | D8: 130 | E8: 0.075 | F8: 0.3 | G8: 1 | H8: =((C8*E8)+(D8*F8))/1000000*G8 -> 0.00024675 | I8: =Assumptions!$B$6 -> 15000 | J8: =H8*I8 -> 3.70125 | K8: =J8*12 -> 44.415
A9: AI subtotal | J9: =SUM(J4:J8) -> 17.64975 | K9: =SUM(K4:K8) -> 211.797

Sheet Infrastructure
A1: Infrastructure & Usage-Based Services (monthly)
A3: Service | B3: Pricing basis | C3: Unit price | D3: Usage / mo | E3: Free / mo | F3: Billable units | G3: Cost / mo | H3: Cost / yr | I3: Notes
A4: Firestore reads | B4: per 100k reads | C4: 0.06 | D4: 18 | E4: 15 | F4: =MAX(0,D4-E4) -> 3 | G4: =F4*C4 -> 0.18 | H4: =G4*12 -> 2.16 | I4: ≈1.8M reads/mo (mobile browsing; web uses ISR).
A5: Firestore writes | B5: per 100k writes | C5: 0.18 | D5: 0.6 | E5: 6 | F5: =MAX(0,D5-E5) -> 0 | G5: =F5*C5 -> 0 | H5: =G5*12 -> 0 | I5: Tastings, saves, portal edits. Well inside free tier.
A6: Firestore storage | B6: per GB-month | C6: 0.18 | D6: 1 | E6: 1 | F6: =MAX(0,D6-E6) -> 0 | G6: =F6*C6 -> 0 | H6: =G6*12 -> 0 | I6: Winery/user docs. <1 GB.
A7: Cloud Storage — stored | B7: per GB-month | C7: 0.026 | D7: 1.2 | E7: 5 | F7: =MAX(0,D7-E7) -> 0 | G7: =F7*C7 -> 0 | H7: =G7*12 -> 0 | I7: ~433 images + winery growth. <5 GB free.
A8: Cloud Storage — egress | B8: per GB | C8: 0.12 | D8: 25 | E8: 0 | F8: =MAX(0,D8-E8) -> 25 | G8: =F8*C8 -> 3 | H8: =G8*12 -> 36 | I8: Photo downloads; CDN/expo-image caching cuts this hard.
A9: Upstash Vector — ops | B9: per 100k ops | C9: 0.4 | D9: 0.6 | E9: 3 | F9: =MAX(0,D9-E9) -> 0 | G9: =F9*C9 -> 0 | H9: =G9*12 -> 0 | I9: ~4 vector queries/turn. 10k/day free covers it.
A10: Upstash Vector — storage | B10: per GB-month | C10: 0.25 | D10: 0.3 | E10: 0 | F10: =MAX(0,D10-E10) -> 0.3 | G10: =F10*C10 -> 0.075 | H10: =G10*12 -> 0.9 | I10: A few thousand 512-dim vectors.
A11: Google Distance Matrix | B11: per 1k calls | C11: 5 | D11: =Assumptions!$B$6*Assumptions!$B$9/1000 -> 3 | E11: 10 | F11: =MAX(0,D11-E11) -> 0 | G11: =F11*C11 -> 0 | H11: =G11*12 -> 0 | I11: Itinerary turns only (=turns×itinerary share).
A12: Google Directions | B12: per 1k calls | C12: 5 | D12: =Assumptions!$B$6*0.27/1000 -> 4.05 | E12: 10 | F12: =MAX(0,D12-E12) -> 0 | G12: =F12*C12 -> 0 | H12: =G12*12 -> 0 | I12: Trip-route polylines in the app.
A13: Google Maps SDK (in-app maps) | B13: Mobile dynamic maps | G13: 0 | H13: =G13*12 -> 0 | I13: FREE & unlimited (Android/iOS SDK).
A14: Cloud Functions (concierge) | B14: Invocations + compute | G14: 0 | H14: =G14*12 -> 0 | I14: 15k calls + ~6s each — inside Gen2 free tier.
A15: Vercel — website hosting | B15: Pro plan (flat) | G15: 20 | H15: =G15*12 -> 240 | I15: $20/mo; required for commercial. Usage inside included credits.
A16: Langfuse (observability) | B16: Optional | G16: 0 | H16: =G16*12 -> 0 | I16: Free tier ~50k events/mo; ≈$29/mo beyond. Concierge runs without it.
A17: Infrastructure subtotal | G17: =SUM(G4:G16) -> 23.255 | H17: =SUM(H4:H16) -> 279.06

Sheet Fixed & One-Time
A1: Fixed Annual & One-Time Costs
A3: Item | B3: Type | C3: Amount | D3: Cost / yr | E3: Notes
A4: Apple Developer Program | B4: Annual | C4: 99 | D4: =C4 -> 99 | E4: Required to publish on the iOS App Store.
A5: Domain name (.app / .com) | B5: Annual | C5: 15 | D5: =C5 -> 15 | E5: Typical registrar renewal.
A6: Google Play Console | B6: One-time | C6: 25 | D6: 0 | E6: One-time registration (year 1 only).
A7: Expo EAS | B7: Monthly | C7: 0 | D7: 0 | E7: Free tier (15 iOS+15 Android builds, ≤1,000 MAU). $199/mo if exceeded.
A9: Annual recurring (fixed) | C9: =C4+C5 -> 114
A10: One-time (year 1) | C10: =C6 -> 25
